{
  "swagger" : "2.0",
  "info" : {
    "title" : "Curd_Operation",
    "version" : "1.0.0",
    "description" : "Curd_Operation"
  },
  "paths" : {
    "/Insert_Data" : {
      "post" : {
        "operationId" : "postInsert_Data",
        "responses" : {
          "200" : {
            "description" : "The operation was successful."
          }
        },
        "consumes" : [ "application/json" ],
        "produces" : [ "application/json" ],
        "description" : "Insert a Insert_Data",
        "parameters" : [ {
          "name" : "body",
          "in" : "body",
          "schema" : {
            "type" : "string"
          },
          "description" : "The request body for the operation",
          "required" : true
        } ]
      }
    },
    "/fetch_emp" : {
      "get" : {
        "operationId" : "getFetch_emp",
        "responses" : {
          "200" : {
            "description" : "The operation was successful.",
            "schema" : {
              "$ref" : "#/definitions/<Employee_Details>"
            }
          }
        },
        "produces" : [ "application/json" ],
        "description" : "Retrieve fetch_emp"
      }
    },
    "/update_emp" : {
      "put" : {
        "operationId" : "putUpdate_emp",
        "responses" : {
          "200" : {
            "description" : "The operation was successful."
          }
        },
        "consumes" : [ "application/json" ],
        "produces" : [ "application/json" ],
        "description" : "Update update_emp",
        "parameters" : [ {
          "name" : "body",
          "in" : "body",
          "schema" : {
            "$ref" : "#/definitions/<Employee_Details>"
          },
          "description" : "The request body for the operation",
          "required" : true
        } ]
      }
    },
    "/remove_data" : {
      "delete" : {
        "operationId" : "deleteRemove_data",
        "responses" : {
          "200" : {
            "description" : "The operation was successful."
          }
        },
        "produces" : [ "application/json" ],
        "description" : "Remove from remove_data"
      }
    }
  },
  "basePath" : "/curd_operation/v1",
  "definitions" : {
    "<Employee_Details>" : {
      "type" : "object",
      "properties" : {
        "Emp_id" : {
          "type" : "object",
          "properties" : { }
        },
        "Emp_Name" : {
          "type" : "object",
          "properties" : { }
        },
        "Emp_Designation" : {
          "type" : "string"
        },
        "Emp_City" : {
          "type" : "string"
        }
      }
    }
  }
}